cuando,canal,visitas,ios,android,clics
2026-09-15T20:51:15+02:00,instagram,1098,217,69,286
2026-09-15T20:51:15+02:00,reddit,0,0,0,0
2026-09-15T20:51:15+02:00,discord,0,0,0,0
2026-09-15T20:51:15+02:00,clase,2,0,0,0
2026-09-15T20:51:15+02:00,web,0,0,0,0
2026-09-15T20:51:15+02:00,directo,399,76,15,91
2026-09-15T20:51:15+02:00,TOTAL,1499,293,84,377
2026-09-15T20:51:20+02:00,instagram,1098,217,69,286
2026-09-15T20:51:20+02:00,reddit,0,0,0,0
2026-09-15T20:51:20+02:00,discord,0,0,0,0
2026-09-15T20:51:20+02:00,clase,2,0,0,0
2026-09-15T20:51:20+02:00,web,0,0,0,0
2026-09-15T20:51:20+02:00,directo,399,76,15,91
2026-09-15T20:51:20+02:00,TOTAL,1499,293,84,377
2026-09-15T21:07:05+02:00,instagram,1101,217,69,286
2026-09-15T21:07:05+02:00,reddit,0,0,0,0
2026-09-15T21:07:05+02:00,discord,0,0,0,0
2026-09-15T21:07:05+02:00,clase,2,0,0,0
2026-09-15T21:07:05+02:00,web,0,0,0,0
2026-09-15T21:07:05+02:00,directo,399,76,15,91
2026-09-15T21:07:05+02:00,TOTAL,1502,293,84,377
2026-09-16T00:16:48+02:00,instagram,1156,217,73,290
2026-09-16T00:16:48+02:00,reddit,0,0,0,0
2026-09-16T00:16:48+02:00,discord,0,0,0,0
2026-09-16T00:16:48+02:00,clase,2,0,0,0
2026-09-16T00:16:48+02:00,web,0,0,0,0
2026-09-16T00:16:48+02:00,directo,401,77,16,93
2026-09-16T00:16:48+02:00,TOTAL,1559,294,89,383
2026-09-16T07:35:20+02:00,instagram,1332,219,79,298
2026-09-16T07:35:20+02:00,reddit,0,0,0,0
2026-09-16T07:35:20+02:00,discord,0,0,0,0
2026-09-16T07:35:20+02:00,clase,2,0,0,0
2026-09-16T07:35:20+02:00,web,0,0,0,0
2026-09-16T07:35:20+02:00,directo,402,77,17,94
2026-09-16T07:35:20+02:00,TOTAL,1736,296,96,392
2026-09-16T07:36:26+02:00,instagram,1332,219,79,298
2026-09-16T07:36:26+02:00,reddit,0,0,0,0
2026-09-16T07:36:26+02:00,discord,0,0,0,0
2026-09-16T07:36:26+02:00,clase,2,0,0,0
2026-09-16T07:36:26+02:00,web,0,0,0,0
2026-09-16T07:36:26+02:00,directo,402,77,17,94
2026-09-16T07:36:26+02:00,TOTAL,1736,296,96,392
2026-09-16T09:07:04+02:00,instagram,1348,219,80,299
2026-09-16T09:07:04+02:00,reddit,0,0,0,0
2026-09-16T09:07:04+02:00,discord,0,0,0,0
2026-09-16T09:07:04+02:00,clase,2,0,0,0
2026-09-16T09:07:04+02:00,web,0,0,0,0
2026-09-16T09:07:04+02:00,directo,402,77,17,94
2026-09-16T09:07:04+02:00,TOTAL,1752,296,97,393
2026-09-16T11:32:27+02:00,instagram,1367,219,81,300
2026-09-16T11:32:27+02:00,reddit,0,0,0,0
2026-09-16T11:32:27+02:00,discord,0,0,0,0
2026-09-16T11:32:27+02:00,clase,2,0,0,0
2026-09-16T11:32:27+02:00,web,0,0,0,0
2026-09-16T11:32:27+02:00,directo,402,77,17,94
2026-09-16T11:32:27+02:00,TOTAL,1771,296,98,394
2026-09-16T16:10:27+02:00,instagram,1429,220,84,304
2026-09-16T16:10:27+02:00,reddit,0,0,0,0
2026-09-16T16:10:27+02:00,discord,0,0,0,0
2026-09-16T16:10:27+02:00,clase,2,0,0,0
2026-09-16T16:10:27+02:00,web,0,0,0,0
2026-09-16T16:10:27+02:00,directo,402,77,17,94
2026-09-16T16:10:27+02:00,TOTAL,1833,297,101,398
2026-09-16T21:07:07+02:00,instagram,1483,220,88,308
2026-09-16T21:07:07+02:00,reddit,0,0,0,0
2026-09-16T21:07:07+02:00,discord,0,0,0,0
2026-09-16T21:07:07+02:00,clase,2,0,0,0
2026-09-16T21:07:07+02:00,web,0,0,0,0
2026-09-16T21:07:07+02:00,directo,405,77,19,96
2026-09-16T21:07:07+02:00,TOTAL,1890,297,107,404
2026-09-17T00:04:04+02:00,instagram,1515,220,90,310
2026-09-17T00:04:04+02:00,reddit,0,0,0,0
2026-09-17T00:04:04+02:00,discord,0,0,0,0
2026-09-17T00:04:04+02:00,clase,2,0,0,0
2026-09-17T00:04:04+02:00,web,0,0,0,0
2026-09-17T00:04:04+02:00,directo,405,77,19,96
2026-09-17T00:04:04+02:00,TOTAL,1922,297,109,406
2026-09-17T09:07:06+02:00,instagram,1618,220,92,312
2026-09-17T09:07:06+02:00,reddit,0,0,0,0
2026-09-17T09:07:06+02:00,discord,0,0,0,0
2026-09-17T09:07:06+02:00,clase,2,0,0,0
2026-09-17T09:07:06+02:00,web,0,0,0,0
2026-09-17T09:07:06+02:00,directo,407,77,20,97
2026-09-17T09:07:06+02:00,TOTAL,2027,297,112,409
2026-09-17T21:07:08+02:00,instagram,1748,221,93,314
2026-09-17T21:07:08+02:00,reddit,0,0,0,0
2026-09-17T21:07:08+02:00,discord,0,0,0,0
2026-09-17T21:07:08+02:00,clase,2,0,0,0
2026-09-17T21:07:08+02:00,web,0,0,0,0
2026-09-17T21:07:08+02:00,directo,412,78,21,99
2026-09-17T21:07:08+02:00,TOTAL,2162,299,114,413
2026-09-18T00:04:02+02:00,instagram,1769,222,93,315
2026-09-18T00:04:02+02:00,reddit,0,0,0,0
2026-09-18T00:04:02+02:00,discord,0,0,0,0
2026-09-18T00:04:02+02:00,clase,2,0,0,0
2026-09-18T00:04:02+02:00,web,0,0,0,0
2026-09-18T00:04:02+02:00,directo,415,78,21,99
2026-09-18T00:04:02+02:00,TOTAL,2186,300,114,414
2026-09-18T09:07:05+02:00,instagram,1864,224,95,319
2026-09-18T09:07:05+02:00,reddit,0,0,0,0
2026-09-18T09:07:05+02:00,discord,0,0,0,0
2026-09-18T09:07:05+02:00,clase,2,0,0,0
2026-09-18T09:07:05+02:00,web,0,0,0,0
2026-09-18T09:07:05+02:00,directo,421,78,23,101
2026-09-18T09:07:05+02:00,TOTAL,2287,302,118,420
2026-09-18T21:07:03+02:00,instagram,1956,225,97,322
2026-09-18T21:07:03+02:00,reddit,0,0,0,0
2026-09-18T21:07:03+02:00,discord,0,0,0,0
2026-09-18T21:07:03+02:00,clase,2,0,0,0
2026-09-18T21:07:03+02:00,web,0,0,0,0
2026-09-18T21:07:03+02:00,directo,436,79,26,105
2026-09-18T21:07:03+02:00,TOTAL,2394,304,123,427
2026-09-19T00:04:06+02:00,instagram,1995,225,98,323
2026-09-19T00:04:06+02:00,reddit,0,0,0,0
2026-09-19T00:04:06+02:00,discord,0,0,0,0
2026-09-19T00:04:06+02:00,clase,2,0,0,0
2026-09-19T00:04:06+02:00,web,0,0,0,0
2026-09-19T00:04:06+02:00,directo,437,79,26,105
2026-09-19T00:04:06+02:00,TOTAL,2434,304,124,428
2026-09-19T09:07:10+02:00,instagram,2102,226,98,324
2026-09-19T09:07:10+02:00,reddit,0,0,0,0
2026-09-19T09:07:10+02:00,discord,0,0,0,0
2026-09-19T09:07:10+02:00,clase,2,0,0,0
2026-09-19T09:07:10+02:00,web,0,0,0,0
2026-09-19T09:07:10+02:00,directo,442,79,26,105
2026-09-19T09:07:10+02:00,TOTAL,2546,305,124,429
2026-09-19T21:07:06+02:00,instagram,2238,226,101,327
2026-09-19T21:07:06+02:00,reddit,0,0,0,0
2026-09-19T21:07:06+02:00,discord,0,0,0,0
2026-09-19T21:07:06+02:00,clase,2,0,0,0
2026-09-19T21:07:06+02:00,web,0,0,0,0
2026-09-19T21:07:06+02:00,directo,442,79,26,105
2026-09-19T21:07:06+02:00,TOTAL,2682,305,127,432
2026-09-20T00:04:07+02:00,instagram,2285,227,103,330
2026-09-20T00:04:07+02:00,reddit,0,0,0,0
2026-09-20T00:04:07+02:00,discord,0,0,0,0
2026-09-20T00:04:07+02:00,clase,2,0,0,0
2026-09-20T00:04:07+02:00,web,0,0,0,0
2026-09-20T00:04:07+02:00,directo,442,79,26,105
2026-09-20T00:04:07+02:00,TOTAL,2729,306,129,435
2026-09-20T09:07:03+02:00,instagram,2415,227,104,331
2026-09-20T09:07:03+02:00,reddit,0,0,0,0
2026-09-20T09:07:03+02:00,discord,0,0,0,0
2026-09-20T09:07:03+02:00,clase,2,0,0,0
2026-09-20T09:07:03+02:00,web,0,0,0,0
2026-09-20T09:07:03+02:00,directo,445,79,27,106
2026-09-20T09:07:03+02:00,TOTAL,2862,306,131,437
2026-09-20T21:07:03+02:00,instagram,2502,227,105,332
2026-09-20T21:07:03+02:00,reddit,0,0,0,0
2026-09-20T21:07:03+02:00,discord,0,0,0,0
2026-09-20T21:07:03+02:00,clase,2,0,0,0
2026-09-20T21:07:03+02:00,web,0,0,0,0
2026-09-20T21:07:03+02:00,directo,447,79,27,106
2026-09-20T21:07:03+02:00,TOTAL,2951,306,132,438
2026-09-21T00:04:03+02:00,instagram,2543,227,106,333
2026-09-21T00:04:03+02:00,reddit,0,0,0,0
2026-09-21T00:04:03+02:00,discord,0,0,0,0
2026-09-21T00:04:03+02:00,clase,2,0,0,0
2026-09-21T00:04:03+02:00,web,0,0,0,0
2026-09-21T00:04:03+02:00,directo,447,79,27,106
2026-09-21T00:04:03+02:00,TOTAL,2992,306,133,439
2026-09-21T09:07:06+02:00,instagram,2717,228,108,336
2026-09-21T09:07:06+02:00,reddit,0,0,0,0
2026-09-21T09:07:06+02:00,discord,0,0,0,0
2026-09-21T09:07:06+02:00,clase,2,0,0,0
2026-09-21T09:07:06+02:00,web,0,0,0,0
2026-09-21T09:07:06+02:00,directo,450,79,28,107
2026-09-21T09:07:06+02:00,TOTAL,3169,307,136,443
